{"documentation": "\"This file is a QMK Configurator export. You can import this at <https://config.qmk.fm>. It can also be used directly with QMK's source code.\n\nTo setup your QMK environment check out the tutorial: <https://docs.qmk.fm/#/newbs>\n\nYou can convert this file to a keymap.c using this command: `qmk json2c {keymap}`\n\nYou can compile this keymap using this command: `qmk compile {keymap}`\"\n", "notes": "", "version": 1, "keyboard": "9key", "keymap": "layout_2025-12-04", "layout": "LAYOUT", "layers": [["KC_MPRV", "KC_MUTE", "KC_MNXT", "KC_HOME", "KC_VOLD", "KC_VOLU", "KC_CUT", "KC_COPY", "KC_PSTE"], ["KC_ESC", "KC_PLUS", "KC_MINS", "KC_ENT", "KC_ASTR", "KC_SLSH", "KC_0", "KC_DOT", "KC_TRNS"]], "author": ""}
